,bw,loglambda,contam_data,IFsupnorm
0,5.0,-8.0,2.0,42.555750499808994
1,5.0,-8.0,6.0,58.72271060285365
2,5.0,-8.0,10.0,48.48700741334413
3,5.0,-8.0,14.0,72.28758384868495
4,5.0,-8.0,18.0,61.23370272303461
5,5.0,-8.0,22.0,48.232634786400865
6,5.0,-8.0,26.0,49.390538788919706
7,5.0,-8.0,30.0,45.650186445262754
8,5.0,-8.0,34.0,44.968366382451386
9,5.0,-8.0,38.0,29.98820660180516
10,5.0,-8.0,42.0,37.91880574351499
11,5.0,-8.0,46.0,14.829529144177517
12,5.0,-8.0,50.0,9.464581267993166
13,5.0,-8.0,54.0,9.50840894581113
14,5.0,-8.0,58.0,7.077141131638509
15,5.0,-8.0,62.0,11.789935593629853
16,5.0,-8.0,66.0,16.6179038359477
17,5.0,-8.0,70.0,6.869833203291786
18,5.0,-8.0,74.0,5.491082428830738
19,5.0,-8.0,78.0,4.9624866535358025
20,5.0,-8.0,82.0,7.60249857450524
21,5.0,-8.0,86.0,5.832975369585869
22,5.0,-8.0,90.0,19.143217114403278
23,5.0,-8.0,94.0,11.786973922349453
24,5.0,-8.0,98.0,20.163711018535356
25,5.0,-8.0,102.0,31.2475307689395
26,5.0,-8.0,106.0,37.46510947162405
27,5.0,-8.0,110.0,36.66757197130427
28,5.0,-8.0,114.0,40.301263025073645
29,5.0,-8.0,118.0,45.0184896759847
30,5.0,-8.0,122.0,40.17087232515533
31,5.0,-8.0,126.0,45.05580689588823
32,5.0,-8.0,130.0,44.52662277966403
33,5.0,-8.0,134.0,44.20922598217809
34,5.0,-8.0,138.0,45.058116488024055
35,5.0,-8.0,142.0,48.45535418864359
36,5.0,-8.0,146.0,48.5311774643287
37,5.0,-8.0,150.0,50.574217749789696
38,5.0,-8.0,154.0,64.82020325477355
39,5.0,-8.0,158.0,54.42821082094273
40,5.0,-8.0,162.0,48.77847965940484
41,5.0,-8.0,166.0,48.12574810307183
42,5.0,-8.0,170.0,50.68387632225748
43,5.0,-8.0,174.0,49.20075469974819
44,5.0,-8.0,178.0,54.25625476630182
45,5.0,-8.0,182.0,48.75677319343492
46,5.0,-8.0,186.0,57.110900397010965
47,5.0,-8.0,190.0,61.117256098271056
48,5.0,-8.0,194.0,41.70639041667473
49,5.0,-8.0,198.0,62.22067480190796
50,5.0,-8.0,202.0,58.72225061721223
51,5.0,-8.0,206.0,46.93901001393842
52,5.0,-8.0,210.0,42.30861735301826
53,5.0,-8.0,214.0,53.60788923869144
54,5.0,-8.0,218.0,46.085652594659365
55,5.0,-8.0,222.0,59.34339677424267
56,5.0,-8.0,226.0,52.87221395485454
57,5.0,-8.0,230.0,50.98846333435095
58,5.0,-8.0,234.0,64.98658404587114
59,5.0,-8.0,238.0,53.16082968241299
60,5.0,-8.0,242.0,56.88007463071845
61,5.0,-8.0,246.0,58.57305783309538
62,5.0,-8.0,250.0,65.18464867656928
63,5.0,-8.0,254.0,52.18547568044609
64,5.0,-8.0,258.0,42.01305093674191
65,5.0,-8.0,262.0,50.8211330482763
66,5.0,-8.0,266.0,54.91532833868374
67,5.0,-8.0,270.0,54.79209724762084
68,5.0,-8.0,274.0,51.77816957237972
69,5.0,-8.0,278.0,63.46000557966396
70,5.0,-8.0,282.0,48.81604980616657
71,5.0,-8.0,286.0,47.71937998493957
72,5.0,-8.0,290.0,53.07096843859189
73,5.0,-8.0,294.0,49.93905782590812
74,5.0,-8.0,298.0,51.19534684020328
75,5.0,-8.0,302.0,55.4135499657103
76,5.0,-8.0,306.0,50.15091666169351
77,5.0,-8.0,310.0,59.62194859327137
78,5.0,-8.0,314.0,51.37490401126616
79,5.0,-8.0,318.0,48.260550590569004
80,5.0,-8.0,322.0,53.648003302817614
81,5.0,-8.0,326.0,47.983187921156556
82,5.0,-8.0,330.0,62.042452494650924
83,5.0,-8.0,334.0,62.2459176974715
84,5.0,-8.0,338.0,46.958150433576215
85,5.0,-8.0,342.0,56.40247849454436
86,5.0,-8.0,346.0,51.88032501770411
87,5.0,-8.0,350.0,53.8247247924855
88,5.0,-8.0,354.0,57.617521185117226
89,5.0,-8.0,358.0,53.03858204359268
90,5.0,-8.0,362.0,52.47516433800728
91,5.0,-8.0,366.0,52.59279650554127
92,5.0,-8.0,370.0,54.6168993814211
93,5.0,-8.0,374.0,50.20194938003066
94,5.0,-8.0,378.0,56.176233854351416
95,5.0,-8.0,382.0,54.08705714908609
96,5.0,-8.0,386.0,49.48951333441083
97,5.0,-8.0,390.0,43.88721259726764
98,5.0,-8.0,394.0,49.39673432277065
99,5.0,-8.0,398.0,56.42570307589851
100,5.0,-8.0,402.0,49.724740748643214
101,5.0,-8.0,406.0,49.83863564701616
0,5.0,-10.0,2.0,40.29281561640296
1,5.0,-10.0,6.0,58.16846469539575
2,5.0,-10.0,10.0,52.05710769006764
3,5.0,-10.0,14.0,82.70946551353984
4,5.0,-10.0,18.0,61.3419682608312
5,5.0,-10.0,22.0,81.07184169991406
6,5.0,-10.0,26.0,54.742577375230496
7,5.0,-10.0,30.0,56.09367970649055
8,5.0,-10.0,34.0,45.715524518242574
9,5.0,-10.0,38.0,32.94829296531105
10,5.0,-10.0,42.0,23.886960179445627
11,5.0,-10.0,46.0,8.623591456081192
12,5.0,-10.0,50.0,5.3250224880994566
13,5.0,-10.0,54.0,15.780475503753744
14,5.0,-10.0,58.0,10.56390495606819
15,5.0,-10.0,62.0,20.87438724314281
16,5.0,-10.0,66.0,8.917838207947426
17,5.0,-10.0,70.0,33.95127771097564
18,5.0,-10.0,74.0,35.30478657147182
19,5.0,-10.0,78.0,7.521582841557245
20,5.0,-10.0,82.0,20.333293294116817
21,5.0,-10.0,86.0,26.66226660234394
22,5.0,-10.0,90.0,40.20981116841904
23,5.0,-10.0,94.0,37.884750202241804
24,5.0,-10.0,98.0,34.62952066112725
25,5.0,-10.0,102.0,33.602682141042635
26,5.0,-10.0,106.0,46.12034109340357
27,5.0,-10.0,110.0,32.91680709383519
28,5.0,-10.0,114.0,54.202797113614366
29,5.0,-10.0,118.0,43.04437685425332
30,5.0,-10.0,122.0,43.27441686770109
31,5.0,-10.0,126.0,61.85423407765376
32,5.0,-10.0,130.0,70.68144147558995
33,5.0,-10.0,134.0,80.43233570610376
34,5.0,-10.0,138.0,76.03825825731718
35,5.0,-10.0,142.0,76.73946354621205
36,5.0,-10.0,146.0,50.078746148250765
37,5.0,-10.0,150.0,68.1907889756131
38,5.0,-10.0,154.0,56.9976059707282
39,5.0,-10.0,158.0,51.52995965302585
40,5.0,-10.0,162.0,69.92496211882045
41,5.0,-10.0,166.0,53.015651216437654
42,5.0,-10.0,170.0,49.98229502796799
43,5.0,-10.0,174.0,57.25396665606879
44,5.0,-10.0,178.0,67.86452597916548
45,5.0,-10.0,182.0,70.19338897462261
46,5.0,-10.0,186.0,53.20969745059018
47,5.0,-10.0,190.0,41.45321032732501
48,5.0,-10.0,194.0,72.35217933267381
49,5.0,-10.0,198.0,61.35995336678415
50,5.0,-10.0,202.0,70.29591618906987
51,5.0,-10.0,206.0,44.79994903030611
52,5.0,-10.0,210.0,64.12709944474292
53,5.0,-10.0,214.0,69.37894708461256
54,5.0,-10.0,218.0,79.47823061365085
55,5.0,-10.0,222.0,67.313689797689
56,5.0,-10.0,226.0,62.51798020176757
57,5.0,-10.0,230.0,77.55042850093325
58,5.0,-10.0,234.0,70.74952374902021
59,5.0,-10.0,238.0,44.88624460678022
60,5.0,-10.0,242.0,53.35688099382616
61,5.0,-10.0,246.0,43.3419027843287
62,5.0,-10.0,250.0,51.8446911844183
63,5.0,-10.0,254.0,65.6286299454854
64,5.0,-10.0,258.0,64.21545038477771
65,5.0,-10.0,262.0,53.99426190669452
66,5.0,-10.0,266.0,65.72108310276104
67,5.0,-10.0,270.0,67.68112992598765
68,5.0,-10.0,274.0,76.32517796173393
69,5.0,-10.0,278.0,53.32531456705895
70,5.0,-10.0,282.0,68.16303005388728
71,5.0,-10.0,286.0,75.85905572848604
72,5.0,-10.0,290.0,68.26818631703932
73,5.0,-10.0,294.0,69.08925757805598
74,5.0,-10.0,298.0,73.32302338190865
75,5.0,-10.0,302.0,67.92965928745365
76,5.0,-10.0,306.0,51.2413129952626
77,5.0,-10.0,310.0,64.02317142544273
78,5.0,-10.0,314.0,61.30359067612739
79,5.0,-10.0,318.0,84.40097405623214
80,5.0,-10.0,322.0,56.69328693840615
81,5.0,-10.0,326.0,66.46789719225117
82,5.0,-10.0,330.0,54.415031086156986
83,5.0,-10.0,334.0,52.196037004503545
84,5.0,-10.0,338.0,93.81730605918537
85,5.0,-10.0,342.0,64.24239076583109
86,5.0,-10.0,346.0,74.43249529065835
87,5.0,-10.0,350.0,72.6567479137499
88,5.0,-10.0,354.0,51.92539468491359
89,5.0,-10.0,358.0,59.73053374399277
90,5.0,-10.0,362.0,71.49668060860108
91,5.0,-10.0,366.0,52.86791921079386
92,5.0,-10.0,370.0,66.99657234084751
93,5.0,-10.0,374.0,82.68687295342598
94,5.0,-10.0,378.0,67.77321895772224
95,5.0,-10.0,382.0,57.65412954967011
96,5.0,-10.0,386.0,48.94749753295731
97,5.0,-10.0,390.0,52.968821448969884
98,5.0,-10.0,394.0,47.5314757222446
99,5.0,-10.0,398.0,50.32603163881228
100,5.0,-10.0,402.0,47.23478135441126
101,5.0,-10.0,406.0,60.52711017543968
0,5.0,-12.0,2.0,40.328862653291694
1,5.0,-12.0,6.0,67.40216137245429
2,5.0,-12.0,10.0,75.10526013470803
3,5.0,-12.0,14.0,64.36434557462563
4,5.0,-12.0,18.0,55.64369962432033
5,5.0,-12.0,22.0,81.1844479514606
6,5.0,-12.0,26.0,54.80150003084492
7,5.0,-12.0,30.0,56.14866723943719
8,5.0,-12.0,34.0,49.033659672128906
9,5.0,-12.0,38.0,28.824757390816508
10,5.0,-12.0,42.0,20.559032189044046
11,5.0,-12.0,46.0,35.46003373577553
12,5.0,-12.0,50.0,10.265122772594948
13,5.0,-12.0,54.0,15.949891512240278
14,5.0,-12.0,58.0,8.321510067765292
15,5.0,-12.0,62.0,10.888293026995932
16,5.0,-12.0,66.0,6.101672084013332
17,5.0,-12.0,70.0,32.29201301160241
18,5.0,-12.0,74.0,32.02203365840865
19,5.0,-12.0,78.0,21.209638900032402
20,5.0,-12.0,82.0,25.984832511518196
21,5.0,-12.0,86.0,18.241410779644035
22,5.0,-12.0,90.0,22.24202680635854
23,5.0,-12.0,94.0,14.965150585306041
24,5.0,-12.0,98.0,18.000906175112817
25,5.0,-12.0,102.0,41.280208330095746
26,5.0,-12.0,106.0,33.684410352819924
27,5.0,-12.0,110.0,42.94139433271816
28,5.0,-12.0,114.0,40.47440934004736
29,5.0,-12.0,118.0,44.996636422284084
30,5.0,-12.0,122.0,48.60217173331156
31,5.0,-12.0,126.0,39.5610712925617
32,5.0,-12.0,130.0,70.77263812929974
33,5.0,-12.0,134.0,80.55674600795352
34,5.0,-12.0,138.0,76.148519024159
35,5.0,-12.0,142.0,76.84704882672358
36,5.0,-12.0,146.0,50.12435185605501
37,5.0,-12.0,150.0,68.26314071781633
38,5.0,-12.0,154.0,57.05970821975854
39,5.0,-12.0,158.0,51.57633911628267
40,5.0,-12.0,162.0,70.02910047793456
41,5.0,-12.0,166.0,53.06971809848526
42,5.0,-12.0,170.0,50.031007860438436
43,5.0,-12.0,174.0,57.31464456773958
44,5.0,-12.0,178.0,67.94808706754141
45,5.0,-12.0,182.0,70.2827036362851
46,5.0,-12.0,186.0,53.26246303092139
47,5.0,-12.0,190.0,41.49162649911558
48,5.0,-12.0,194.0,72.44192354438815
49,5.0,-12.0,198.0,61.43111203696383
50,5.0,-12.0,202.0,70.38435689215163
51,5.0,-12.0,206.0,44.8438702588603
52,5.0,-12.0,210.0,64.19798824464198
53,5.0,-12.0,214.0,69.45705661839034
54,5.0,-12.0,218.0,79.59306976961739
55,5.0,-12.0,222.0,67.40041861157894
56,5.0,-12.0,226.0,62.591634730252196
57,5.0,-12.0,230.0,77.66432421845373
58,5.0,-12.0,234.0,70.83907034660471
59,5.0,-12.0,238.0,44.929394449604615
60,5.0,-12.0,242.0,53.41634792320649
61,5.0,-12.0,246.0,43.382204775318776
62,5.0,-12.0,250.0,51.900878349511544
63,5.0,-12.0,254.0,65.70769934657604
64,5.0,-12.0,258.0,64.29233724839096
65,5.0,-12.0,262.0,54.055017947495244
66,5.0,-12.0,266.0,65.80007899241672
67,5.0,-12.0,270.0,67.76033195738522
68,5.0,-12.0,274.0,76.42570673220382
69,5.0,-12.0,278.0,53.37418649851245
70,5.0,-12.0,282.0,68.24490544476832
71,5.0,-12.0,286.0,75.95380163782912
72,5.0,-12.0,290.0,68.3429793665455
73,5.0,-12.0,294.0,69.16877838422131
74,5.0,-12.0,298.0,67.52935571645496
75,5.0,-12.0,302.0,75.85364165527781
76,5.0,-12.0,306.0,51.289660663428215
77,5.0,-12.0,310.0,64.09358801221666
78,5.0,-12.0,314.0,61.3656841326942
79,5.0,-12.0,318.0,84.54577540249537
80,5.0,-12.0,322.0,56.752465208100666
81,5.0,-12.0,326.0,66.54662168834538
82,5.0,-12.0,330.0,54.47021471858417
83,5.0,-12.0,334.0,52.24919343064806
84,5.0,-12.0,338.0,93.98384277824427
85,5.0,-12.0,342.0,64.31308898494693
86,5.0,-12.0,346.0,74.52586356624575
87,5.0,-12.0,350.0,72.75048249885248
88,5.0,-12.0,354.0,51.98609550065203
89,5.0,-12.0,358.0,59.797304293167386
90,5.0,-12.0,362.0,71.59639400845565
91,5.0,-12.0,366.0,52.92060847809892
92,5.0,-12.0,370.0,67.0830545699975
93,5.0,-12.0,374.0,82.79937853386234
94,5.0,-12.0,378.0,67.8498156745961
95,5.0,-12.0,382.0,57.72294197398935
96,5.0,-12.0,386.0,48.995508109612366
97,5.0,-12.0,390.0,53.02233817512356
98,5.0,-12.0,394.0,47.57596534001708
99,5.0,-12.0,398.0,50.37667464271396
100,5.0,-12.0,402.0,47.27580582018728
101,5.0,-12.0,406.0,60.58790498877972
0,7.0,-8.0,2.0,68.53156143762014
1,7.0,-8.0,6.0,76.80279865521189
2,7.0,-8.0,10.0,84.95066932589437
3,7.0,-8.0,14.0,77.27887370937997
4,7.0,-8.0,18.0,80.06978494011041
5,7.0,-8.0,22.0,69.84903128549666
6,7.0,-8.0,26.0,67.05624155998488
7,7.0,-8.0,30.0,74.89599098038522
8,7.0,-8.0,34.0,67.12315808566737
9,7.0,-8.0,38.0,58.639893652283355
10,7.0,-8.0,42.0,40.51998969532257
11,7.0,-8.0,46.0,41.95074597321859
12,7.0,-8.0,50.0,19.076395205493156
13,7.0,-8.0,54.0,23.596631358975404
14,7.0,-8.0,58.0,8.231421193885113
15,7.0,-8.0,62.0,24.616024910839272
16,7.0,-8.0,66.0,21.97122256012256
17,7.0,-8.0,70.0,11.403294909339822
18,7.0,-8.0,74.0,21.653764033377975
19,7.0,-8.0,78.0,10.370442314640659
20,7.0,-8.0,82.0,18.325523027237022
21,7.0,-8.0,86.0,29.325860457909926
22,7.0,-8.0,90.0,10.304867499152238
23,7.0,-8.0,94.0,28.732615185032717
24,7.0,-8.0,98.0,55.14237265737737
25,7.0,-8.0,102.0,47.654603696474275
26,7.0,-8.0,106.0,60.46776439717845
27,7.0,-8.0,110.0,62.52371008103741
28,7.0,-8.0,114.0,65.89189432623348
29,7.0,-8.0,118.0,75.01148223642737
30,7.0,-8.0,122.0,69.35907153109108
31,7.0,-8.0,126.0,71.5315122007013
32,7.0,-8.0,130.0,67.05733279667594
33,7.0,-8.0,134.0,81.64332947102726
34,7.0,-8.0,138.0,72.20529194513931
35,7.0,-8.0,142.0,90.32220470253627
36,7.0,-8.0,146.0,80.69680900626203
37,7.0,-8.0,150.0,75.93073470806226
38,7.0,-8.0,154.0,76.87882859059958
39,7.0,-8.0,158.0,76.75883815361861
40,7.0,-8.0,162.0,74.15851609201192
41,7.0,-8.0,166.0,108.30145928657497
42,7.0,-8.0,170.0,82.7896924512984
43,7.0,-8.0,174.0,79.94943228961647
44,7.0,-8.0,178.0,91.13374778789816
45,7.0,-8.0,182.0,74.26161079434218
46,7.0,-8.0,186.0,91.02524137129883
47,7.0,-8.0,190.0,91.44569862078936
48,7.0,-8.0,194.0,83.19634875387916
49,7.0,-8.0,198.0,94.34150829811722
50,7.0,-8.0,202.0,79.129615045498
51,7.0,-8.0,206.0,80.330146829569
52,7.0,-8.0,210.0,87.99143053436404
53,7.0,-8.0,214.0,83.38394598725371
54,7.0,-8.0,218.0,78.41489805209322
55,7.0,-8.0,222.0,97.9602046115404
56,7.0,-8.0,226.0,82.02455614049137
57,7.0,-8.0,230.0,82.18126353573001
58,7.0,-8.0,234.0,94.04489687116872
59,7.0,-8.0,238.0,75.79822357914337
60,7.0,-8.0,242.0,88.43610701829986
61,7.0,-8.0,246.0,79.14215779379248
62,7.0,-8.0,250.0,77.09702962903675
63,7.0,-8.0,254.0,80.20807046296181
64,7.0,-8.0,258.0,84.11750369457802
65,7.0,-8.0,262.0,82.19410969301761
66,7.0,-8.0,266.0,69.11863924083582
67,7.0,-8.0,270.0,68.05622539932479
68,7.0,-8.0,274.0,77.25110764215695
69,7.0,-8.0,278.0,79.43173228086796
70,7.0,-8.0,282.0,76.23535883820227
71,7.0,-8.0,286.0,88.35637774763269
72,7.0,-8.0,290.0,75.54209210681898
73,7.0,-8.0,294.0,86.3045496345602
74,7.0,-8.0,298.0,90.81623355652104
75,7.0,-8.0,302.0,90.33743529996367
76,7.0,-8.0,306.0,73.22554305310193
77,7.0,-8.0,310.0,80.0187687058895
78,7.0,-8.0,314.0,80.67011105639607
79,7.0,-8.0,318.0,72.56979114156677
80,7.0,-8.0,322.0,79.52531759084485
81,7.0,-8.0,326.0,95.91483942655726
82,7.0,-8.0,330.0,72.24514771659426
83,7.0,-8.0,334.0,85.95501827984283
84,7.0,-8.0,338.0,81.80814015064018
85,7.0,-8.0,342.0,81.01047283320662
86,7.0,-8.0,346.0,90.11241138031455
87,7.0,-8.0,350.0,87.06759332761253
88,7.0,-8.0,354.0,84.03579539510442
89,7.0,-8.0,358.0,93.77825876259287
90,7.0,-8.0,362.0,85.61261475380998
91,7.0,-8.0,366.0,79.06104800914258
92,7.0,-8.0,370.0,78.98847415402952
93,7.0,-8.0,374.0,96.7633808249494
94,7.0,-8.0,378.0,72.06348284642894
95,7.0,-8.0,382.0,100.4034604825518
96,7.0,-8.0,386.0,77.86516072337679
97,7.0,-8.0,390.0,80.42016859460304
98,7.0,-8.0,394.0,91.08623524037938
99,7.0,-8.0,398.0,82.23937191254895
100,7.0,-8.0,402.0,85.30411376378
101,7.0,-8.0,406.0,59.374688159883405
0,7.0,-10.0,2.0,49.33148618886639
1,7.0,-10.0,6.0,81.47629223168542
2,7.0,-10.0,10.0,79.95866366704134
3,7.0,-10.0,14.0,57.55857665608224
4,7.0,-10.0,18.0,83.06923157133066
5,7.0,-10.0,22.0,61.10725004656003
6,7.0,-10.0,26.0,53.67262313353911
7,7.0,-10.0,30.0,56.67660383246514
8,7.0,-10.0,34.0,50.18322265002144
9,7.0,-10.0,38.0,36.074032642039555
10,7.0,-10.0,42.0,23.138693963542313
11,7.0,-10.0,46.0,19.195560592137756
12,7.0,-10.0,50.0,15.977299297830005
13,7.0,-10.0,54.0,26.824119251615386
14,7.0,-10.0,58.0,22.65458580851105
15,7.0,-10.0,62.0,5.7476431869945
16,7.0,-10.0,66.0,23.33973767466093
17,7.0,-10.0,70.0,24.150563016785487
18,7.0,-10.0,74.0,4.673828675582298
19,7.0,-10.0,78.0,26.755595511010522
20,7.0,-10.0,82.0,12.965713805509838
21,7.0,-10.0,86.0,9.212992236569283
22,7.0,-10.0,90.0,24.837463213606757
23,7.0,-10.0,94.0,17.043727637141746
24,7.0,-10.0,98.0,15.123556509074543
25,7.0,-10.0,102.0,18.050787312156313
26,7.0,-10.0,106.0,39.22758390197263
27,7.0,-10.0,110.0,38.455941983985944
28,7.0,-10.0,114.0,48.570604674857655
29,7.0,-10.0,118.0,48.85197901790295
30,7.0,-10.0,122.0,48.58088832160117
31,7.0,-10.0,126.0,71.0657445599399
32,7.0,-10.0,130.0,57.20488409374881
33,7.0,-10.0,134.0,65.06891023683708
34,7.0,-10.0,138.0,90.04693783879429
35,7.0,-10.0,142.0,91.9764451056538
36,7.0,-10.0,146.0,88.25773298216093
37,7.0,-10.0,150.0,83.151406642533
38,7.0,-10.0,154.0,82.32665125557656
39,7.0,-10.0,158.0,86.72322643371592
40,7.0,-10.0,162.0,75.50619168197036
41,7.0,-10.0,166.0,73.2797542542861
42,7.0,-10.0,170.0,111.41886003747373
43,7.0,-10.0,174.0,73.08203236113124
44,7.0,-10.0,178.0,89.26026785971288
45,7.0,-10.0,182.0,153.44402754603948
46,7.0,-10.0,186.0,70.48736651890286
47,7.0,-10.0,190.0,85.85293337392845
48,7.0,-10.0,194.0,65.94038874729387
49,7.0,-10.0,198.0,54.92862982153572
50,7.0,-10.0,202.0,101.35204640586267
51,7.0,-10.0,206.0,109.87965807001392
52,7.0,-10.0,210.0,96.42503372292705
53,7.0,-10.0,214.0,73.94441545117243
54,7.0,-10.0,218.0,81.22818180648645
55,7.0,-10.0,222.0,74.9200703802668
56,7.0,-10.0,226.0,117.02168262038485
57,7.0,-10.0,230.0,79.08026361337329
58,7.0,-10.0,234.0,88.59519248357554
59,7.0,-10.0,238.0,69.05359441279283
60,7.0,-10.0,242.0,85.46399857799291
61,7.0,-10.0,246.0,80.87280235447606
62,7.0,-10.0,250.0,79.50827676829886
63,7.0,-10.0,254.0,85.88129193325737
64,7.0,-10.0,258.0,65.81832157696093
65,7.0,-10.0,262.0,100.65408263378632
66,7.0,-10.0,266.0,68.27374417752081
67,7.0,-10.0,270.0,79.39291598047137
68,7.0,-10.0,274.0,101.796428735064
69,7.0,-10.0,278.0,64.47336657469913
70,7.0,-10.0,282.0,81.51215845401205
71,7.0,-10.0,286.0,72.84358397969315
72,7.0,-10.0,290.0,83.99656318379085
73,7.0,-10.0,294.0,66.4615279957828
74,7.0,-10.0,298.0,84.03643882732226
75,7.0,-10.0,302.0,83.2556387210561
76,7.0,-10.0,306.0,76.1613882344596
77,7.0,-10.0,310.0,54.923222922254574
78,7.0,-10.0,314.0,75.82485476535948
79,7.0,-10.0,318.0,81.2197322662038
80,7.0,-10.0,322.0,111.95317044164743
81,7.0,-10.0,326.0,77.38084028862416
82,7.0,-10.0,330.0,67.45170546836016
83,7.0,-10.0,334.0,70.71115734692115
84,7.0,-10.0,338.0,60.110389694602695
85,7.0,-10.0,342.0,77.5713930730717
86,7.0,-10.0,346.0,89.0623401001962
87,7.0,-10.0,350.0,87.62750108825524
88,7.0,-10.0,354.0,95.68071629249076
89,7.0,-10.0,358.0,76.6486934099226
90,7.0,-10.0,362.0,64.95001939756052
91,7.0,-10.0,366.0,65.85230546661384
92,7.0,-10.0,370.0,81.42774125923447
93,7.0,-10.0,374.0,74.90978507092035
94,7.0,-10.0,378.0,82.82358615083223
95,7.0,-10.0,382.0,85.83747278889655
96,7.0,-10.0,386.0,53.948275001756315
97,7.0,-10.0,390.0,81.46909101881903
98,7.0,-10.0,394.0,78.90532514061468
99,7.0,-10.0,398.0,76.95022049813367
100,7.0,-10.0,402.0,57.17554310361237
101,7.0,-10.0,406.0,68.50693608649007
0,7.0,-12.0,2.0,49.38197937836434
1,7.0,-12.0,6.0,81.57608876587175
2,7.0,-12.0,10.0,80.0686336620318
3,7.0,-12.0,14.0,57.61865432223516
4,7.0,-12.0,18.0,83.18448666531471
5,7.0,-12.0,22.0,61.1722366462589
6,7.0,-12.0,26.0,53.72728677887353
7,7.0,-12.0,30.0,56.73238865914918
8,7.0,-12.0,34.0,50.22950342379026
9,7.0,-12.0,38.0,36.104261156789136
10,7.0,-12.0,42.0,23.202474562805374
11,7.0,-12.0,46.0,19.210326679253214
12,7.0,-12.0,50.0,16.00776948995417
13,7.0,-12.0,54.0,26.86367235161864
14,7.0,-12.0,58.0,22.742932193585496
15,7.0,-12.0,62.0,5.74916508695078
16,7.0,-12.0,66.0,23.41002042224314
17,7.0,-12.0,70.0,24.218841000489967
18,7.0,-12.0,74.0,4.673353957801218
19,7.0,-12.0,78.0,26.833691099186808
20,7.0,-12.0,82.0,12.993298966344579
21,7.0,-12.0,86.0,9.2267999870558
22,7.0,-12.0,90.0,24.894530211856726
23,7.0,-12.0,94.0,17.106228336780216
24,7.0,-12.0,98.0,15.117386620680517
25,7.0,-12.0,102.0,18.044633297762147
26,7.0,-12.0,106.0,39.26601982826989
27,7.0,-12.0,110.0,38.491301631382036
28,7.0,-12.0,114.0,48.632311695741336
29,7.0,-12.0,118.0,48.88629832656697
30,7.0,-12.0,122.0,48.62931392286021
31,7.0,-12.0,126.0,71.15074624826865
32,7.0,-12.0,130.0,57.26811491147332
33,7.0,-12.0,134.0,65.1445962058139
34,7.0,-12.0,138.0,90.1835500385418
35,7.0,-12.0,142.0,92.10570330162659
36,7.0,-12.0,146.0,88.39938074253028
37,7.0,-12.0,150.0,83.26711411805772
38,7.0,-12.0,154.0,69.39379061088677
39,7.0,-12.0,158.0,71.96609936989745
40,7.0,-12.0,162.0,105.57586252036562
41,7.0,-12.0,166.0,88.84452329596705
42,7.0,-12.0,170.0,111.61976035402363
43,7.0,-12.0,174.0,73.171926186959
44,7.0,-12.0,178.0,89.40912360571566
45,7.0,-12.0,182.0,153.8850074460534
46,7.0,-12.0,186.0,70.56611673613241
47,7.0,-12.0,190.0,85.96904758409258
48,7.0,-12.0,194.0,66.02289189584639
49,7.0,-12.0,198.0,54.991320386312424
50,7.0,-12.0,202.0,101.52741510278726
51,7.0,-12.0,206.0,110.08898314840877
52,7.0,-12.0,210.0,96.58892493517617
53,7.0,-12.0,214.0,74.03966021493234
54,7.0,-12.0,218.0,81.33294054668613
55,7.0,-12.0,222.0,75.01782100261194
56,7.0,-12.0,226.0,117.26946636972308
57,7.0,-12.0,230.0,79.1862005964709
58,7.0,-12.0,234.0,88.72534999696553
59,7.0,-12.0,238.0,69.14175511805962
60,7.0,-12.0,242.0,85.57613224277978
61,7.0,-12.0,246.0,80.98605739123508
62,7.0,-12.0,250.0,79.62707943575386
63,7.0,-12.0,254.0,85.99504759388473
64,7.0,-12.0,258.0,65.89798309464942
65,7.0,-12.0,262.0,113.20078170973069
66,7.0,-12.0,266.0,81.23336515673778
67,7.0,-12.0,270.0,61.561495987204395
68,7.0,-12.0,274.0,96.5880785036546
69,7.0,-12.0,278.0,64.55529469531551
70,7.0,-12.0,282.0,81.6247269659504
71,7.0,-12.0,286.0,72.93481335313149
72,7.0,-12.0,290.0,84.11698998785928
73,7.0,-12.0,294.0,66.53506276589107
74,7.0,-12.0,298.0,84.16703629107722
75,7.0,-12.0,302.0,83.3701710866865
76,7.0,-12.0,306.0,76.26836648260804
77,7.0,-12.0,310.0,54.9838933554291
78,7.0,-12.0,314.0,75.93823558504727
79,7.0,-12.0,318.0,81.33097785215904
80,7.0,-12.0,322.0,112.16511389742705
81,7.0,-12.0,326.0,77.47141121990373
82,7.0,-12.0,330.0,67.52993785504803
83,7.0,-12.0,334.0,70.78791285749499
84,7.0,-12.0,338.0,60.17714692884319
85,7.0,-12.0,342.0,77.67426584562173
86,7.0,-12.0,346.0,89.2034403041991
87,7.0,-12.0,350.0,87.75831689339904
88,7.0,-12.0,354.0,95.84732076327124
89,7.0,-12.0,358.0,76.75792615305812
90,7.0,-12.0,362.0,65.0196442168826
91,7.0,-12.0,366.0,65.92647143183471
92,7.0,-12.0,370.0,81.54357220502027
93,7.0,-12.0,374.0,75.00066424375824
94,7.0,-12.0,378.0,82.9371052373729
95,7.0,-12.0,382.0,85.961435742836
96,7.0,-12.0,386.0,54.007168394639734
97,7.0,-12.0,390.0,81.57408603977991
98,7.0,-12.0,394.0,79.02028452021304
99,7.0,-12.0,398.0,77.04286971981513
100,7.0,-12.0,402.0,57.24030107772766
101,7.0,-12.0,406.0,68.59314550649962
0,9.0,-8.0,2.0,78.9100098466867
1,9.0,-8.0,6.0,93.49725705256941
2,9.0,-8.0,10.0,92.95844926146846
3,9.0,-8.0,14.0,91.73749348413878
4,9.0,-8.0,18.0,86.25803925870602
5,9.0,-8.0,22.0,72.6449432481636
6,9.0,-8.0,26.0,75.19079232910998
7,9.0,-8.0,30.0,68.73039981018707
8,9.0,-8.0,34.0,46.04350021097492
9,9.0,-8.0,38.0,45.009573925215754
10,9.0,-8.0,42.0,33.0101349591676
11,9.0,-8.0,46.0,8.960320733328775
12,9.0,-8.0,50.0,21.902480212337128
13,9.0,-8.0,54.0,4.293622793301266
14,9.0,-8.0,58.0,27.838991832419556
15,9.0,-8.0,62.0,5.173224490459882
16,9.0,-8.0,66.0,11.805706495861962
17,9.0,-8.0,70.0,23.95075595655034
18,9.0,-8.0,74.0,6.3536694942368355
19,9.0,-8.0,78.0,16.913614785685006
20,9.0,-8.0,82.0,9.711931097721743
21,9.0,-8.0,86.0,8.26255185581639
22,9.0,-8.0,90.0,19.204956287148843
23,9.0,-8.0,94.0,6.7780830421722005
24,9.0,-8.0,98.0,14.610727154709435
25,9.0,-8.0,102.0,30.882432373486512
26,9.0,-8.0,106.0,43.64177298062848
27,9.0,-8.0,110.0,46.8407764914293
28,9.0,-8.0,114.0,57.31260851357791
29,9.0,-8.0,118.0,64.4413428104451
30,9.0,-8.0,122.0,80.12332567458826
31,9.0,-8.0,126.0,76.85561817798248
32,9.0,-8.0,130.0,88.44223092422416
33,9.0,-8.0,134.0,105.24216069174716
34,9.0,-8.0,138.0,89.65183082927949
35,9.0,-8.0,142.0,80.59410138315597
36,9.0,-8.0,146.0,102.82874313572259
37,9.0,-8.0,150.0,95.1157976991528
38,9.0,-8.0,154.0,98.17470956705614
39,9.0,-8.0,158.0,119.0196196615509
40,9.0,-8.0,162.0,96.22941504846908
41,9.0,-8.0,166.0,112.51044141798091
42,9.0,-8.0,170.0,105.93363399093319
43,9.0,-8.0,174.0,94.93793350734205
44,9.0,-8.0,178.0,115.29940515393734
45,9.0,-8.0,182.0,106.12483183360514
46,9.0,-8.0,186.0,106.94002202506788
47,9.0,-8.0,190.0,112.88089274714923
48,9.0,-8.0,194.0,112.87364202053955
49,9.0,-8.0,198.0,95.92381790025432
50,9.0,-8.0,202.0,100.30366564779362
51,9.0,-8.0,206.0,107.70199730204095
52,9.0,-8.0,210.0,97.72000154951726
53,9.0,-8.0,214.0,122.77697406200991
54,9.0,-8.0,218.0,107.31977767352207
55,9.0,-8.0,222.0,114.86612932802633
56,9.0,-8.0,226.0,119.8213569714322
57,9.0,-8.0,230.0,125.00199312474263
58,9.0,-8.0,234.0,109.16821775542695
59,9.0,-8.0,238.0,113.47618947388347
60,9.0,-8.0,242.0,101.98630460963366
61,9.0,-8.0,246.0,116.93623059121458
62,9.0,-8.0,250.0,142.19057380613341
63,9.0,-8.0,254.0,112.07698920674986
64,9.0,-8.0,258.0,90.22299270144902
65,9.0,-8.0,262.0,128.63347766388847
66,9.0,-8.0,266.0,95.93708250140224
67,9.0,-8.0,270.0,103.67487542727424
68,9.0,-8.0,274.0,128.88934513143332
69,9.0,-8.0,278.0,100.32596127653686
70,9.0,-8.0,282.0,119.79100129079313
71,9.0,-8.0,286.0,113.66744998956555
72,9.0,-8.0,290.0,133.2656637611677
73,9.0,-8.0,294.0,125.39426369600154
74,9.0,-8.0,298.0,112.18972294016676
75,9.0,-8.0,302.0,115.77367211418104
76,9.0,-8.0,306.0,122.90774495289618
77,9.0,-8.0,310.0,102.3863602352294
78,9.0,-8.0,314.0,92.33791971291943
79,9.0,-8.0,318.0,90.81907339377928
80,9.0,-8.0,322.0,103.06557642787544
81,9.0,-8.0,326.0,103.32603227474237
82,9.0,-8.0,330.0,127.72195235960287
83,9.0,-8.0,334.0,112.82348498803046
84,9.0,-8.0,338.0,102.70651086281563
85,9.0,-8.0,342.0,101.77294845218314
86,9.0,-8.0,346.0,112.50507287636361
87,9.0,-8.0,350.0,116.85378822039208
88,9.0,-8.0,354.0,104.24883342516517
89,9.0,-8.0,358.0,116.56076320305608
90,9.0,-8.0,362.0,130.19740013070472
91,9.0,-8.0,366.0,108.13744888780401
92,9.0,-8.0,370.0,101.07994400919402
93,9.0,-8.0,374.0,110.01911974499005
94,9.0,-8.0,378.0,96.15106841105627
95,9.0,-8.0,382.0,123.3539279532576
96,9.0,-8.0,386.0,97.5082582807582
97,9.0,-8.0,390.0,118.7734159338403
98,9.0,-8.0,394.0,116.82484580861755
99,9.0,-8.0,398.0,132.6678663573003
100,9.0,-8.0,402.0,100.51395556227355
101,9.0,-8.0,406.0,85.67595971068363
0,9.0,-10.0,2.0,121.81995851244831
1,9.0,-10.0,6.0,117.7767249421645
2,9.0,-10.0,10.0,137.3522518493038
3,9.0,-10.0,14.0,142.54104212621667
4,9.0,-10.0,18.0,107.07664190229593
5,9.0,-10.0,22.0,99.75420897980369
6,9.0,-10.0,26.0,89.28477093088823
7,9.0,-10.0,30.0,79.16834501619813
8,9.0,-10.0,34.0,64.87924091248307
9,9.0,-10.0,38.0,53.67119801997586
10,9.0,-10.0,42.0,33.52272669922953
11,9.0,-10.0,46.0,11.671263437129442
12,9.0,-10.0,50.0,14.314658819948056
13,9.0,-10.0,54.0,5.8014256342855175
14,9.0,-10.0,58.0,6.662997183622632
15,9.0,-10.0,62.0,24.445856656844168
16,9.0,-10.0,66.0,18.443376030018094
17,9.0,-10.0,70.0,15.884653369583306
18,9.0,-10.0,74.0,13.916528885900536
19,9.0,-10.0,78.0,9.481513520396767
20,9.0,-10.0,82.0,10.707049593819761
21,9.0,-10.0,86.0,32.16868715382902
22,9.0,-10.0,90.0,34.79481748791742
23,9.0,-10.0,94.0,15.252252404017053
24,9.0,-10.0,98.0,30.28813449550447
25,9.0,-10.0,102.0,39.941334587562146
26,9.0,-10.0,106.0,50.002261584617315
27,9.0,-10.0,110.0,66.54715657290193
28,9.0,-10.0,114.0,76.03641322671338
29,9.0,-10.0,118.0,91.56100450922345
30,9.0,-10.0,122.0,79.17876484062485
31,9.0,-10.0,126.0,116.81178027298533
32,9.0,-10.0,130.0,113.38038774579985
33,9.0,-10.0,134.0,133.1332065972243
34,9.0,-10.0,138.0,116.98345329567327
35,9.0,-10.0,142.0,111.19353295066654
36,9.0,-10.0,146.0,115.68496204404495
37,9.0,-10.0,150.0,138.2477656176531
38,9.0,-10.0,154.0,143.99411364158877
39,9.0,-10.0,158.0,121.1947030317714
40,9.0,-10.0,162.0,114.12329300458373
41,9.0,-10.0,166.0,134.84103858305434
42,9.0,-10.0,170.0,145.88777918114712
43,9.0,-10.0,174.0,129.23007508945759
44,9.0,-10.0,178.0,130.18253688635218
45,9.0,-10.0,182.0,182.21507708587018
46,9.0,-10.0,186.0,160.8025733637755
47,9.0,-10.0,190.0,181.63990472311596
48,9.0,-10.0,194.0,156.42488269911877
49,9.0,-10.0,198.0,121.82134275104545
50,9.0,-10.0,202.0,157.8469902025789
51,9.0,-10.0,206.0,144.7187505166199
52,9.0,-10.0,210.0,156.74093086683732
53,9.0,-10.0,214.0,127.26878724699036
54,9.0,-10.0,218.0,150.23595210086597
55,9.0,-10.0,222.0,153.0007804021929
56,9.0,-10.0,226.0,134.94517832176803
57,9.0,-10.0,230.0,116.27004000911887
58,9.0,-10.0,234.0,128.06392397017996
59,9.0,-10.0,238.0,137.674888917106
60,9.0,-10.0,242.0,136.42055816849657
61,9.0,-10.0,246.0,145.7759673535144
62,9.0,-10.0,250.0,151.5196639850258
63,9.0,-10.0,254.0,166.0066926815691
64,9.0,-10.0,258.0,137.78937947093448
65,9.0,-10.0,262.0,118.60563089630611
66,9.0,-10.0,266.0,127.51011079087324
67,9.0,-10.0,270.0,126.58128579343987
68,9.0,-10.0,274.0,127.71177287593657
69,9.0,-10.0,278.0,135.57590626164816
70,9.0,-10.0,282.0,126.5759796526865
71,9.0,-10.0,286.0,145.92993408131574
72,9.0,-10.0,290.0,147.06551131054547
73,9.0,-10.0,294.0,139.77747795059443
74,9.0,-10.0,298.0,145.46468872924848
75,9.0,-10.0,302.0,126.75915503005433
76,9.0,-10.0,306.0,154.32614563671848
77,9.0,-10.0,310.0,152.23712145128158
78,9.0,-10.0,314.0,149.5793028357585
79,9.0,-10.0,318.0,137.20493798524424
80,9.0,-10.0,322.0,126.34547497092971
81,9.0,-10.0,326.0,152.47688948074648
82,9.0,-10.0,330.0,125.94596897154766
83,9.0,-10.0,334.0,158.8167514464777
84,9.0,-10.0,338.0,191.45659238836052
85,9.0,-10.0,342.0,167.0599587392652
86,9.0,-10.0,346.0,134.21571969643563
87,9.0,-10.0,350.0,162.97713137839062
88,9.0,-10.0,354.0,155.4387653601555
89,9.0,-10.0,358.0,129.36351467055349
90,9.0,-10.0,362.0,138.70491186218996
91,9.0,-10.0,366.0,137.73628802155633
92,9.0,-10.0,370.0,133.6237078847745
93,9.0,-10.0,374.0,151.50107754931685
94,9.0,-10.0,378.0,145.21608133210682
95,9.0,-10.0,382.0,185.5450454156927
96,9.0,-10.0,386.0,99.4444498124405
97,9.0,-10.0,390.0,141.31956508019783
98,9.0,-10.0,394.0,143.99318205343633
99,9.0,-10.0,398.0,220.4926151720108
100,9.0,-10.0,402.0,143.98186211395173
101,9.0,-10.0,406.0,102.01869089883566
0,9.0,-12.0,2.0,122.0750732684395
1,9.0,-12.0,6.0,118.01909649923195
2,9.0,-12.0,10.0,137.65357117402817
3,9.0,-12.0,14.0,142.83979521177108
4,9.0,-12.0,18.0,107.27926418293454
5,9.0,-12.0,22.0,99.92702615972237
6,9.0,-12.0,26.0,89.42661834237958
7,9.0,-12.0,30.0,79.29109774775627
8,9.0,-12.0,34.0,64.98109523285291
9,9.0,-12.0,38.0,53.75621465075918
10,9.0,-12.0,42.0,33.57711619360714
11,9.0,-12.0,46.0,11.681711323342242
12,9.0,-12.0,50.0,14.34370678116787
13,9.0,-12.0,54.0,14.495994792744348
14,9.0,-12.0,58.0,6.542265220139298
15,9.0,-12.0,62.0,24.488053100301947
16,9.0,-12.0,66.0,18.462729024114356
17,9.0,-12.0,70.0,15.928145915247576
18,9.0,-12.0,74.0,13.980932492606145
19,9.0,-12.0,78.0,9.535313273514955
20,9.0,-12.0,82.0,10.78505978865094
21,9.0,-12.0,86.0,32.23356365527872
22,9.0,-12.0,90.0,34.88656286489954
23,9.0,-12.0,94.0,15.273980420367138
24,9.0,-12.0,98.0,30.376969002208163
25,9.0,-12.0,102.0,39.995631606338364
26,9.0,-12.0,106.0,50.11103211592997
27,9.0,-12.0,110.0,66.68893542384073
28,9.0,-12.0,114.0,76.19532804962432
29,9.0,-12.0,118.0,91.75952064214255
30,9.0,-12.0,122.0,79.34697029713953
31,9.0,-12.0,126.0,117.0401235206665
32,9.0,-12.0,130.0,113.60635025353412
33,9.0,-12.0,134.0,133.41856114339774
34,9.0,-12.0,138.0,117.23731271073719
35,9.0,-12.0,142.0,111.41263210541332
36,9.0,-12.0,146.0,115.9299394744625
37,9.0,-12.0,150.0,138.57372361908432
38,9.0,-12.0,154.0,144.3566325324534
39,9.0,-12.0,158.0,121.44105689097404
40,9.0,-12.0,162.0,114.36174817254447
41,9.0,-12.0,166.0,135.1260617024763
42,9.0,-12.0,170.0,146.24286172549787
43,9.0,-12.0,174.0,129.5107667328131
44,9.0,-12.0,178.0,130.47689584196354
45,9.0,-12.0,182.0,182.80499407494557
46,9.0,-12.0,186.0,161.22044635622916
47,9.0,-12.0,190.0,182.18553050392683
48,9.0,-12.0,194.0,156.83368283767823
49,9.0,-12.0,198.0,122.07608255180165
50,9.0,-12.0,202.0,158.253359618511
51,9.0,-12.0,206.0,145.0589685362238
52,9.0,-12.0,210.0,157.17222882208864
53,9.0,-12.0,214.0,127.55717282494064
54,9.0,-12.0,218.0,150.6236489568598
55,9.0,-12.0,222.0,153.3865731133085
56,9.0,-12.0,226.0,135.26831689178456
57,9.0,-12.0,230.0,116.51113885562063
58,9.0,-12.0,234.0,128.3513605323317
59,9.0,-12.0,238.0,137.98487615075516
60,9.0,-12.0,242.0,136.7365768996657
61,9.0,-12.0,246.0,146.1078577122912
62,9.0,-12.0,250.0,151.90926144910483
63,9.0,-12.0,254.0,166.4690926022835
64,9.0,-12.0,258.0,138.1154148872246
65,9.0,-12.0,262.0,118.86779079519415
66,9.0,-12.0,266.0,127.81216214650385
67,9.0,-12.0,270.0,126.84640317993212
68,9.0,-12.0,274.0,127.97171548391992
69,9.0,-12.0,278.0,135.9081614056766
70,9.0,-12.0,282.0,126.85072779084577
71,9.0,-12.0,286.0,146.30181489932176
72,9.0,-12.0,290.0,147.44313102259989
73,9.0,-12.0,294.0,140.10153828956499
74,9.0,-12.0,298.0,145.7996273851592
75,9.0,-12.0,302.0,127.05195591707432
76,9.0,-12.0,306.0,154.73084792601594
77,9.0,-12.0,310.0,152.65900945890394
78,9.0,-12.0,314.0,149.94058706070555
79,9.0,-12.0,318.0,137.5189618097016
80,9.0,-12.0,322.0,126.61863223104031
81,9.0,-12.0,326.0,152.82960019399442
82,9.0,-12.0,330.0,126.22427584595728
83,9.0,-12.0,334.0,159.25833659819966
84,9.0,-12.0,338.0,192.07947881984893
85,9.0,-12.0,342.0,167.50927803361785
86,9.0,-12.0,346.0,134.55795456599023
87,9.0,-12.0,350.0,163.4122450451547
88,9.0,-12.0,354.0,160.89241288110344
89,9.0,-12.0,358.0,129.63721601837491
90,9.0,-12.0,362.0,139.0200332058922
91,9.0,-12.0,366.0,138.0967888009834
92,9.0,-12.0,370.0,133.9433481585251
93,9.0,-12.0,374.0,151.85734136344746
94,9.0,-12.0,378.0,145.55423720448024
95,9.0,-12.0,382.0,186.11921346333648
96,9.0,-12.0,386.0,99.63751345809696
97,9.0,-12.0,390.0,141.67081004692602
98,9.0,-12.0,394.0,144.34332432853142
99,9.0,-12.0,398.0,221.33013484301037
100,9.0,-12.0,402.0,144.33507670673552
101,9.0,-12.0,406.0,102.21799840113204
